Workbook

Sheet Dashboard
B2: Fitness Progress Dashboard
B3: Updates when you append rows to: Body_Weight, DEXA_Summary, Strength_Tests, Workout_Log.
B5: Latest weight (lb) | D5: Weight change (lb, last 30d) | F5: Latest DEXA % fat
B6: =_xludf.LET(d,Body_Weight!A:A,w,Body_Weight!B:B, _xludf.XLOOKUP(MAX(d), d, w)) | D6: =_xludf.LET(d,Body_Weight!A:A,w,Body_Weight!B:B,latest,MAX(d),w0, _xludf.XLOOKUP(latest-30, d, w, , 1), W1, _xludf.XLOOKUP(latest, d, w), IFERROR(W1-w0, "")) | F6: =_xludf.LET(d,DEXA_Summary!A:A,p,DEXA_Summary!G:G, _xludf.XLOOKUP(MAX(d), d, p))
B7: Latest DEXA lean mass (kg) | D7: Logged strength sessions (last 30d) | F7: Latest strength test date
B8: =_xludf.LET(d,DEXA_Summary!A:A,l,DEXA_Summary!I:I, _xludf.XLOOKUP(MAX(d), d, l)) | F8: =_xludf.LET(d,Strength_Tests!A:A, MAX(d))
B10: Weight (last 12 months) | I10: Strength (estimated 1RM, latest test)
B11: Date | C11: Weight (lb) | I11: Exercise | J11: Reps | K11: Load (lb) | L11: e1RM (Epley) | M11: Date
B12: 46054 | C12: 158.5 | I12: Leg press (seated) e1RM entry | J12: 6 | K12: 260 | L12: 312 | M12: 46056
B13: 46056 | C13: 160.9 | I13: Leg press | J13: 8 | K13: 240 | L13: 304 | M13: 46056
I14: Cable row | J14: 20 | K14: 85 | L14: 141.66667 | M14: 46056
I15: Leg extension | J15: 8 | K15: 110 | L15: 139.33333 | M15: 46056
I16: Chest press | J16: 8 | K16: 105 | L16: 133 | M16: 46056
I17: Leg curl | J17: 8 | K17: 90 | L17: 114 | M17: 46056
I18: Biceps curl (barbell) | J18: 30 | K18: 40 | L18: 80 | M18: 46056
B30: DEXA (body composition)
B31: Scan date | C31: % fat | D31: Lean mass (kg)
B32: 45895 | C32: 33.9 | D32: 49.7845
B33: 45980 | C33: 31.4 | D33: 49.4696
B34: 46036 | C34: 29.8 | D34: 48.939
B35: Nutrition & Injury (entered manually)
B37: Avg calories (last 7d) | D37: Avg protein g (last 7d) | F37: Active injuries (today) | H37: Max pain (today)
B38: =LET(d,tblNutritionDaily[date],c,tblNutritionDaily[total_calories],latest,MAX(d),AVERAGEIFS(c,d,">="&latest-6,d,"<="&latest)) | D38: =LET(d,tblNutritionDaily[date],p,tblNutritionDaily[total_protein_g],latest,MAX(d),AVERAGEIFS(p,d,">="&latest-6,d,"<="&latest)) | F38: =LET(d,tblInjuryDaily[date],a,tblInjuryDaily[active_injury_count],_xludf.XLOOKUP(MAX(d),d,a)) | H38: =LET(d,tblInjuryDaily[date],p,tblInjuryDaily[max_pain],_xludf.XLOOKUP(MAX(d),d,p))
B39: Last nutrition date | D39: Total calories (last 30d) | F39: Days since last injury start | H39: Last injury body part
B40: =LET(d,tblNutrition[date],MAX(d)) | D40: =LET(d,tblNutritionDaily[date],c,tblNutritionDaily[total_calories],latest,MAX(d),SUMIFS(c,d,">="&latest-29,d,"<="&latest)) | F40: =LET(s,tblInjuries[start_date],MAX(s),TODAY()-MAX(s)) | H40: =LET(s,tblInjuries[start_date],bp,tblInjuries[body_part],_xludf.XLOOKUP(MAX(s),s,bp))
B52: Plan vs actual strength sessions (weekly)
B53: Week start (Mon) | C53: Planned sessions | D53: Logged sessions | F53: Planned/wk | G53: 5
B54: 45887 | C54: =$G$53 | D54: 0
B55: 45894 | C55: =$G$53 | D55: 0
B56: 45901 | C56: =$G$53 | D56: 0
B57: 45908 | C57: =$G$53 | D57: 0
B58: 45915 | C58: =$G$53 | D58: 0
B59: 45922 | C59: =$G$53 | D59: 0
B60: 45929 | C60: =$G$53 | D60: 0
B61: 45936 | C61: =$G$53 | D61: 0
B62: 45943 | C62: =$G$53 | D62: 0
B63: 45950 | C63: =$G$53 | D63: 0
B64: 45957 | C64: =$G$53 | D64: 0
B65: 45964 | C65: =$G$53 | D65: 1
B68: Notes: Weight chart uses the most recent 12 months of entries. Strength uses Epley e1RM (Load × (1 + Reps/30)). DEXA uses DEXA_Summary. KPI tiles use modern Excel functions (LET, XLOOKUP, FILTER).

Sheet README
A1: Section | B1: Details
A2: What this file is | B2: A single Excel workbook that consolidates key dated metrics from your chats and uploaded documents (DEXA scans, strength test notes, YMCA program).
A3: How to use | B3: Use filters on each sheet. 'DEXA_Summary' is the quickest overview. 'DEXA_Regions' holds region breakdowns. 'Strength_Tests' and 'Workout_Log' capture loads/reps when available. 'Sources' points back to original artifacts.
A4: Caveats | B4: Some values were extracted via OCR. Where OCR was incomplete (Aug 2025 DEXA fat mass), cells are left blank and a note is included. Month-only dates from chat are stored as the 1st of that month for sorting.

Sheet Timeline_Events
A1: Date | B1: Event | C1: Source | D1: Notes
A2: 45597 | B2: Started running (per podiatry note: began running Nov 2024, several miles/day). | C2: Podiatry note pasted in chat | D2: Set to 1st of month for sorting; exact day not specified.
A3: 45627 | B3: Weight 233 lb (start point referenced in chat). | C3: Chat message | D3: Month-only.
A4: 45895 | B4: Whole-body DEXA scan (ISU). | C4: AGVG_DexaScan Sept 25.pdf | D4: Scan date on report: Aug 26, 2025.
A5: 45965 | B5: Workout log captured (multiple lifts + core). | C5: Chat log
A6: 45966 | B6: YMCA 5-day program document timestamp (file name). | C6: Andres_YMCA_5day_program...xlsx/pdf | D6: File date from filename; not necessarily session date.
A7: 45980 | B7: Whole-body DEXA scan (ISU). | C7: DEXA 11 25.pdf | D7: Scan date on report: Nov 19, 2025.
A8: 46036 | B8: Whole-body DEXA scan (ISU). | C8: dexas scan 16 01 26.pdf | D8: Scan date on report: Jan 14, 2026.
A9: 46054 | B9: Weight about 158.5 lb (referenced in chat). | C9: Chat message | D9: Month-only.
A10: 46056 | B10: Strength capacity test day (single sets to estimate limits). | C10: Chat message + Strength Testing Results.png

Sheet Body_Weight
A1: Date | B1: Weight (lb) | C1: Source | D1: Notes | E1: Weight (kg)
A2: 45627 | B2: 233 | C2: Chat message (stated starting weight; month-level) | D2: Month-only date; set to 1st of month for sorting.
A3: 46054 | B3: 158.5 | C3: Chat message (weight around Feb 2026) | D3: Month-only date; set to 1st of month for sorting.
A4: 46056 | B4: 160.9 | C4: Chat message (mass from scan) | D4: User noted scan header mass field was off; 73 kg used. | E4: 73

Sheet Targets_Metrics
A1: Date | B1: Metric | C1: Value | D1: Units | E1: Source | F1: Notes
A2: 46056 | B2: Active calories/day (Apple Watch) | C2: 650 | D2: kcal/day | E2: Chat message
A3: 46056 | B3: Resting calories/day (Apple Watch) | C3: 1650 | D3: kcal/day | E3: Chat message
A4: 46056 | B4: Planned intake for 0.5 lb/week loss | C4: 2000 | D4: kcal/day | E4: Chat message | F4: Round-number plan discussed.

Sheet DEXA_Summary
A1: Scan date | B1: Source | C1: Total mass (kg) | D1: Fat mass (kg) | E1: Lean+BMC (kg) | F1: BMC (kg) | G1: % fat | H1: Notes | I1: Lean mass (kg)
A2: 45895 | B2: DEXA Scans Comparison All Three.xlsx | C2: 78.9034 | D2: 26.7279 | E2: 52.1755 | F2: 2.39097 | G2: 33.9 | H2: Updated from structured comparison workbook (replaces OCR/partial values). | I2: 49.7845
A3: 45980 | B3: DEXA Scans Comparison All Three.xlsx | C3: 75.4739 | D3: 23.6693 | E3: 51.8046 | F3: 2.33497 | G3: 31.4 | H3: Updated from structured comparison workbook (replaces OCR/partial values). | I3: 49.4696
A4: 46036 | B4: DEXA Scans Comparison All Three.xlsx | C4: 73.0724 | D4: 21.7641 | E4: 51.3083 | F4: 2.36926 | G4: 29.8 | H4: Updated from structured comparison workbook (replaces OCR/partial values). | I4: 48.939

Sheet DEXA_Indices
A1: Scan date | B1: Total body % fat | C1: Fat mass/height^2 (kg/m^2) | D1: Android/Gynoid ratio | E1: %fat trunk / %fat legs | F1: Trunk/limb fat mass ratio | G1: Estimated VAT mass (g) | H1: Estimated VAT volume (cm^3) | I1: Estimated VAT area (cm^2) | J1: Lean/height^2 (kg/m^2) | K1: Appendicular lean/height^2 (kg/m^2)
A2: 45980 | B2: 31.4 | C2: 8.17 | D2: 1.09 | E2: 1.07 | F2: 1.21 | G2: 580 | H2: 627 | I2: 120 | J2: 17.1 | K2: 7.46
A3: 45895 | B3: 33.9 | C3: 9.23 | D3: 1.21 | E3: 1.09 | F3: 1.24 | G3: 745 | H3: 806 | I3: 135 | J3: 17.2 | K3: 7.44
A4: 46036 | B4: 29.8 | C4: 7.51 | D4: 1.15 | E4: 1.04 | F4: 1.17 | G4: 652 | H4: 705 | I4: 135 | J4: 16.9 | K4: 7.37

Sheet DEXA_Regions
A1: Scan date | B1: Region | C1: fat_kg | D1: lean_kg | E1: bmc_kg | F1: leanplus_bmc_kg | G1: total_kg | H1: % fat | I1: %ile (young normal) | J1: %ile (age matched)
A2: 45895 | B2: L Arm | C2: 1.7052 | D2: 2.782 | E2: 0.18148 | F2: 2.9635 | G2: 4.6687 | H2: 36.5
A3: 45895 | B3: R Arm | C3: 1.6265 | D3: 3.0564 | E3: 0.20661 | F3: 3.263 | G3: 4.8895 | H3: 33.3
A4: 45895 | B4: Trunk | C4: 14.0422 | D4: 24.8582 | E4: 0.6742 | F4: 25.5324 | G4: 39.5745 | H4: 35.5
A5: 45895 | B5: L Leg | C5: 4.0242 | D5: 7.898 | E5: 0.44483 | F5: 8.3428 | G5: 12.367 | H5: 32.5
A6: 45895 | B6: R Leg | C6: 3.9543 | D6: 7.8223 | E6: 0.45371 | F6: 8.276 | G6: 12.2303 | H6: 32.3
A7: 45895 | B7: Subtotal | C7: 25.3524 | D7: 46.4168 | E7: 1.96083 | F7: 48.3776 | G7: 73.73 | H7: 34.4
A8: 45895 | B8: Head | C8: 1.3755 | D8: 3.3677 | E8: 0.43014 | F8: 3.7979 | G8: 5.1734 | H8: 26.6
A9: 45895 | B9: Total | C9: 26.7279 | D9: 49.7845 | E9: 2.39097 | F9: 52.1755 | G9: 78.9034 | H9: 33.9
A10: 45980 | B10: L Arm | C10: 1.4868 | D10: 2.7582 | E10: 0.17191 | F10: 2.9302 | G10: 4.4169 | H10: 33.7
A11: 45980 | B11: R Arm | C11: 1.4337 | D11: 3.2414 | E11: 0.19544 | F11: 3.4368 | G11: 4.8705 | H11: 29.4
A12: 45980 | B12: Trunk | C12: 12.1993 | D12: 24.5371 | E12: 0.67001 | F12: 25.2072 | G12: 37.4064 | H12: 32.6
A13: 45980 | B13: L Leg | C13: 3.6937 | D13: 7.9666 | E13: 0.43586 | F13: 8.4025 | G13: 12.0962 | H13: 30.5
... A25: 46036 | B25: Total | C25: 21.7641 | D25: 48.939 | E25: 2.36926 | F25: 51.3083 | G25: 73.0724 | H25: 29.8

Sheet Strength_Tests
A1: Date | B1: Exercise | C1: Reps | D1: Load (lb) | E1: Source | F1: Notes | G1: Estimated 1RM (lb)
A2: 46056 | B2: Biceps curl (barbell) | C2: 30 | D2: 40 | E2: Chat message (Strength training test day) | F2: Single set for capacity test.
A3: 46056 | B3: Cable row | C3: 20 | D3: 85 | E3: Chat message (Strength training test day) | F3: Single set for capacity test.
A4: 46056 | B4: Chest press | C4: 8 | D4: 105 | E4: Chat message (Strength training test day) | F4: Single set for capacity test.
A5: 46056 | B5: Leg curl | C5: 8 | D5: 90 | E5: Chat message (Strength training test day) | F5: Single set for capacity test.
A6: 46056 | B6: Leg extension | C6: 8 | D6: 110 | E6: Chat message (Strength training test day) | F6: Single set for capacity test.
A7: 46056 | B7: Leg press | C7: 8 | D7: 240 | E7: Chat message (Strength training test day) | F7: Single set for capacity test.
A8: 46056 | B8: Leg press (seated) e1RM entry | C8: 6 | D8: 260 | E8: Strength Testing Results.png (OCR partial) | F8: OCR reliably captured this row; other rows not legible in the image. | G8: 320

Sheet Workout_Log
A1: Date | B1: Exercise | C1: Sets | D1: Reps | E1: Load (lb) | F1: Source | G1: Notes
A2: 45965 | B2: Assisted pull-ups | C2: 1 | D2: 10 | E2: -85 | F2: Chat log (Nov 4, 2025 workout) | G2: Load is assistance; negative indicates assist.
A3: 45965 | B3: Assisted pull-ups | C3: 1 | D3: 7 | E3: -45 | F3: Chat log (Nov 4, 2025 workout) | G3: Load is assistance; negative indicates assist.
A4: 45965 | B4: Assisted pull-ups | C4: 1 | D4: 6 | E4: -45 | F4: Chat log (Nov 4, 2025 workout) | G4: Load is assistance; negative indicates assist.
A5: 45965 | B5: Chest press | C5: 3 | D5: 10 | E5: 120 | F5: Chat log (Nov 4, 2025 workout)
A6: 45965 | B6: Goblet squat | C6: 3 | D6: 10 | E6: 25 | F6: Chat log (Nov 4, 2025 workout)
A7: 45965 | B7: Kettlebell swing | C7: 3 | D7: 10 | E7: 15 | F7: Chat log (Nov 4, 2025 workout)
A8: 45965 | B8: Leg extensions | C8: 3 | D8: 10 | E8: 100 | F8: Chat log (Nov 4, 2025 workout)
A9: 45965 | B9: Leg raises | C9: 3 | F9: Chat log (Nov 4, 2025 workout) | G9: 3 rounds, 30s on, 30s off
A10: 45965 | B10: Russian twists | C10: 3 | F10: Chat log (Nov 4, 2025 workout) | G10: 3 rounds, 30s on, 30s off
A11: 45965 | B11: Triceps overhead | C11: 3 | D11: 10 | E11: 30 | F11: Chat log (Nov 4, 2025 workout)

Sheet Sources
A1: Artifact | B1: Path
A2: AGVG_DexaScan Sept 25.pdf | B2: /mnt/data/AGVG_DexaScan Sept 25.pdf
A3: DEXA 11 25.pdf | B3: /mnt/data/DEXA 11 25.pdf
A4: dexas scan 16 01 26.pdf | B4: /mnt/data/dexas scan 16 01 26.pdf
A5: Strength Testing Results.png | B5: /mnt/data/Strength Testing Results.png
A6: Andres_YMCA_5day_program_UPDATED_2025-11-05_corefixed_TU_legraises.xlsx | B6: /mnt/data/Andres_YMCA_5day_program_UPDATED_2025-11-05_corefixed_TU_legraises.xlsx
A7: YMCA.docx | B7: /mnt/data/YMCA.docx
A8: Andres_YMCA_5day_program_UPDATED_2025-11-05_corefixed_TU_legraises.pdf | B8: /mnt/data/Andres_YMCA_5day_program_UPDATED_2025-11-05_corefixed_TU_legraises.pdf
A9: ISU workout 1.jpeg | B9: /mnt/data/ISU workout 1.jpeg
A10: ISU workout 2.jpeg | B10: /mnt/data/ISU workout 2.jpeg

Sheet YMCA_Weekly Overview
A1: Col1 | B1: Col2 | C1: Col3 | D1: Col4
A2: Day | B2: Run | C2: Strength Focus | D2: Notes
A3: Monday | B3: Speed intervals, 30 min | C3: Upper Push | D3: Run first, then lift
A4: Tuesday | B4: None | C4: Legs (knee-dominant) | D4: Full 60 min strength
A5: Wednesday | B5: Easy aerobic, 30 min | C5: Upper Pull | D5: Conversational pace
A6: Thursday | B6: None | C6: Legs (hip-dominant) | D6: Full 60 min strength
A7: Friday | B7: Long run, start 30 min then ramp to 45 → 60 | C7: Torso, shoulders, and core | D7: Keep 30 min strength even as the run grows

Sheet YMCA_Strength Program
A1: Col1 | B1: Col2 | C1: Col3 | D1: Col4 | E1: Col5 | F1: Col6 | G1: Col7 | H1: Col8 | I1: Col9 | J1: Col10 | K1: Col11
A2: Day | B2: Block | C2: Exercise | D2: Machine/Primary Option | E2: DB/Alt Option | F2: Sets | G2: Reps Target | H2: Starting Load | I2: Tempo | J2: Rest | K2: Notes
A3: Monday | B3: A | C3: Chest Press | D3: Technogym Chest Press | E3: DB Flat Press | F3: 3 | G3: 8–12 | H3: 120 lb | I3: 2-0-2 | J3: 60–90 s | K3: Add load when 3x12 done clean
A4: Monday | B4: A | C4: Row (balance) | D4: Technogym Seated Row | E4: Chest-supported DB Row | F4: 3 | G4: 8–12 | H4: TBD on first use; pick a weight that allows 8–12 reps with 1–2 reps in reserve on the final set. | I4: 2-1-2 | J4: 60–90 s | K4: Scapula toward back pockets
A5: Monday | B5: B | C5: Incline Press | D5: Incline Press (if available) | E5: DB Incline Press | F5: 3 | G5: 8–12 | H5: TBD on first use; pick a weight that allows 8–12 reps with 1–2 reps in reserve on the final set. | I5: 2-0-2 | J5: 60–90 s | K5: Low incline if shoulder sensitive
A6: Monday | B6: B | C6: Face Pull / ER | D6: Cable Face Pull | E6: Band External Rotation | F6: 3 | G6: 12–15 | H6: TBD on first use; pick a weight that allows 8–12 reps with 1–2 reps in reserve on the final set. | I6: 2-1-2 | J6: 45–60 s | K6: Elbows high, hit rear delts/rotator cuff
A7: Monday | B7: C | C7: Shoulder Press | D7: Technogym Shoulder Press | E7: DB Shoulder Press | F7: 2 | G7: 8–12 | H7: TBD on first use; pick a weight that allows 8–12 reps with 1–2 reps in reserve on the final set. | I7: 2-0-2 | J7: 60 s | K7: Neutral grip if neck or shoulders feel tight
A8: Monday | B8: C | C8: Triceps Overhead | D8: Cable Overhead Extension | E8: DB Overhead Triceps | F8: 2 | G8: 8–12 | H8: 30 lb DB | I8: 2-0-2 | J8: 45–60 s | K8: Smooth lockout
A9: Tuesday | B9: A | C9: Leg Press or Squat | D9: Technogym Leg Press | E9: Goblet Squat | F9: 3 | G9: 8–12 | H9: 25 lb DB for goblet | I9: 2-1-2 | J9: 60–90 s | K9: Heels down, full range
A10: Tuesday | B10: A | C10: Calf Raise (bent-knee) | D10: Seated Calf Raise | E10: DB Seated Calf | F10: 3 | G10: 10–15 | H10: TBD on first use; pick a weight that allows 8–12 reps with 1–2 reps in reserve on the final set. | I10: 2-1-2 | J10: 45–60 s | K10: Targets soleus for running resilience
A11: Tuesday | B11: B | C11: Split Squat / Lunge | D11: Smith Split Squat (optional) | E11: DB Split Squat | F11: 3 | G11: 8–12/leg | H11: TBD on first use; pick a weight that allows 8–12 reps with 1–2 reps in reserve on the final set. | I11: 2-1-2 | J11: 60–90 s | K11: Knee travels over toes comfortably
A12: Tuesday | B12: B | C12: Leg Extension | D12: Technogym Leg Extension | E12: — | F12: 3 | G12: 10–12 | H12: 100 lb | I12: 2-1-2 | J12: 45–60 s | K12: Control the top, do not slam
... A25: Friday | B25: B | C25: Core Trio | D25: Russian Twists + Hollow/Dead Bug + Suitcase Carry | E25: — | F25: 3 rounds | G25: 30 s each element | H25: Bodyweight or light DB for twists | I25: Controlled | J25: 30–45 s between elements | K25: Bracing and anti-rotation focus

Sheet YMCA_Runs
A1: Col1 | B1: Col2 | C1: Col3 | D1: Col4 | E1: Col5
A2: Day | B2: Type | C2: Start Duration | D2: Structure | E2: Progression
A3: Monday | B3: Speed intervals | C3: 30 min | D3: 3 min hard / 2 min easy repeats | E3: Add one repeat or slightly increase pace every 1–2 weeks
A4: Wednesday | B4: Easy aerobic | C4: 30 min | D4: Steady conversational pace | E4: Keep easy; do not progress for speed
A5: Friday | B5: Long run | C5: 30 min | D5: Steady | E5: When 30 min feels routine for 2 weeks, go to 45 min; later 60 min; keep 30 min strength after

Sheet YMCA_Long Run Ramp
A1: Col1 | B1: Col2
A2: Week | B2: Friday Long Run
A3: 1 | B3: 30 min
A4: 2 | B4: 30 min
A5: 3 | B5: 35 min
A6: 4 | B6: 40 min
A7: 5 | B7: 45 min
A8: 6 | B8: 35 min (cutback)
A9: 7 | B9: 45 min
A10: 8 | B10: 50 min
A11: 9 | B11: 55 min
A12: 10 | B12: 60 min
A13: 11 | B13: 45 min (cutback)
A14: 12 | B14: 60 min

Sheet YMCA_Muscle Coverage
A1: Col1 | B1: Col2 | C1: Col3
A2: Muscle Group | B2: Primary Lifts | C2: Frequency
A3: Chest | B3: Chest Press, Incline Press, Fly | C3: Mon + Fri
A4: Back/Lats | B4: Seated Row, Lat Pulldown, Pull-ups, Face Pull | C4: Mon + Wed + Fri light
A5: Shoulders | B5: Shoulder Press, Face Pull, Rear Delt Fly | C5: Mon + Fri (+Wed rear delts)
A6: Biceps | B6: DB/Cable Curls, Pull-ups stimulus | C6: Wed
A7: Triceps | B7: Overhead Extensions, Press variations | C7: Mon (+Fri light)
A8: Quads | B8: Leg Press/Squat, Split Squat, Leg Extension | C8: Tue
A9: Hamstrings | B9: RDL, Hamstring Curl | C9: Thu
A10: Glutes | B10: Hip Thrust/Bridge, Split Squat | C10: Thu (+Tue)
A11: Calves/Achilles | B11: Seated Calf, Eccentric Calf | C11: Tue + Thu
A12: Core/Torso | B12: Nightly sit-ups and leg raises, plus Friday trio, plus Tuesday in-gym leg raises | C12: Nightly + Tue + Fri

Sheet YMCA_Night Core Plan
A1: Col1 | B1: Col2 | C1: Col3 | D1: Col4
A2: Night | B2: Primary | C2: Sets x Reps or Time | D2: Notes
A3: Night 1 | B3: Sit-ups or curl-ups | C3: 3 x 15–20 | D3: Slow, do not yank neck
A4: Night 2 | B4: Dead bug or front plank | C4: 3 x 30–45 s | D4: Anti-extension to spare the back
A5: Night 3 | B5: Reverse crunch | C5: 3 x 10–12 | D5: Lower abs focus, posterior pelvic tilt
A6: Night 4 | B6: Side plank both sides | C6: 3 x 20–40 s per side | D6: Anti-rotation and obliques
A7: Night 5 | B7: Leg raises | C7: 3 x 15–20 | D7: Control the lower, no swing
A8: Weekend option | B8: Rest or mobility | C8: — | D8: If sore, skip flexion that night

Sheet YMCA_Progression Log
A1: Col1 | B1: Col2 | C1: Col3 | D1: Col4 | E1: Col5 | F1: Col6 | G1: Col7
A2: Week | B2: Day | C2: Exercise | D2: Set 1 Load/Reps | E2: Set 2 Load/Reps | F2: Set 3 Load/Reps | G2: Notes

Sheet Body_Weight_Log_raw
A1: date | B1: weight_lbs
A2: 45640 | B2: 232
A3: 45642 | B3: 226.2
A4: 45643 | B4: 224.2
A5: 45643 | B5: 225.6
A6: 45644 | B6: 223.4
A7: 45645 | B7: 223
A8: 45646 | B8: 222.4
A9: 45647 | B9: 222.6
A10: 45649 | B10: 222
A11: 45650 | B11: 220.6
A12: 45651 | B12: 220
A13: 45652 | B13: 219.2
... A376: 46008 | B376: 161.4

Sheet Body_Weight_Daily
A1: date | B1: weight_lbs_mean | C1: weight_lbs_min | D1: weight_lbs_max | E1: n_measurements | F1: weight_kg_mean
A2: 45640 | B2: 232 | C2: 232 | D2: 232 | E2: 1 | F2: 105.23343
A3: 45642 | B3: 226.2 | C3: 226.2 | D3: 226.2 | E3: 1 | F3: 102.60259
A4: 45643 | B4: 224.9 | C4: 224.2 | D4: 225.6 | E4: 2 | F4: 102.01292
A5: 45644 | B5: 223.4 | C5: 223.4 | D5: 223.4 | E5: 1 | F5: 101.33254
A6: 45645 | B6: 223 | C6: 223 | D6: 223 | E6: 1 | F6: 101.1511
A7: 45646 | B7: 222.4 | C7: 222.4 | D7: 222.4 | E7: 1 | F7: 100.87894
A8: 45647 | B8: 222.6 | C8: 222.6 | D8: 222.6 | E8: 1 | F8: 100.96966
A9: 45649 | B9: 222 | C9: 222 | D9: 222 | E9: 1 | F9: 100.69751
A10: 45650 | B10: 220.6 | C10: 220.6 | D10: 220.6 | E10: 1 | F10: 100.06248
A11: 45651 | B11: 220 | C11: 220 | D11: 220 | E11: 1 | F11: 99.790321
A12: 45652 | B12: 219.2 | C12: 219.2 | D12: 219.2 | E12: 1 | F12: 99.427448
A13: 45653 | B13: 220 | C13: 220 | D13: 220 | E13: 1 | F13: 99.790321
... A232: 46008 | B232: 161.76667 | C232: 161.4 | D232: 162.5 | E232: 3 | F232: 73.376126

Sheet SnoreLab_By_Remedy
A1: Remedy | B1: Snore Score | C1: Snoring Percentage | D1: Volume | E1: Count
A2: SnoreRx | B2: 115.76 | C2: 78.47% | D2: 1.48 | E2: 1
A3: None | B3: 58.2 | C3: 51.58% | D3: 1.18 | E3: 12

Sheet SnoreLab_By_Factor
A1: Factor | B1: Snore Score | C1: Snoring Percentage | D1: Volume | E1: Count
A2: None | B2: 97.1 | C2: 74.87% | D2: 1.29 | E2: 2
A3: Shower | B3: 56.36 | C3: 49.79% | D3: 1.19 | E3: 11
A4: Worked out | B4: 14.49 | C4: 8.50% | D4: 1.7 | E4: 1

Sheet SnoreLab_Combined
A1: Remedies | B1: Factors | C1: Snore Score | D1: Snoring Percentage% | E1: Volume | F1: Count
A2: SnoreRx | B2: None | C2: 115.76 | D2: 78.47% | E2: 1.48 | F2: 1
A3: None | B3: None | C3: 78.43 | D3: 71.26% | E3: 1.1 | F3: 1
A4: None | B4: Shower | C4: 60.55 | D4: 53.92% | E4: 1.13 | F4: 10
A5: None | B5: Shower, Worked out | C5: 14.49 | D5: 8.50% | E5: 1.7 | F5: 1

Sheet SnoreLab_Reports_Manual
A1: date | B1: duration | C1: snore_score | D1: tags | E1: source
A2: 44101 | B2: 7h 3m | C2: 75 | D2: Shower | E2: Snore Reports screenshot IMG_3870.jpeg
A3: 44102 | B3: 5h 12m | C3: 78 | E3: Snore Reports screenshot IMG_3870.jpeg
A4: 44103 | B4: 5h 11m | C4: 116 | D4: Mouthguard | E4: Snore Reports screenshot IMG_3870.jpeg
A5: 44105 | B5: 6h 27m | C5: 81 | E5: Snore Reports screenshot IMG_3870.jpeg
A6: 44106 | B6: 5h 43m | C6: 46 | E6: Snore Reports screenshot IMG_3870.jpeg
A7: 44107 | B7: 5h 35m | C7: 100 | D7: Shower | E7: Snore Reports screenshot IMG_3870.jpeg
A8: 44109 | B8: 6h 39m | C8: 58 | E8: Snore Reports screenshot IMG_3868.jpeg
A9: 44111 | B9: 6h 43m | C9: 76 | D9: Shower? (icon shown) | E9: Snore Reports screenshot IMG_3870.jpeg
A10: 45978 | B10: 2h 9m | C10: 27 | D10: Shower | E10: Snore Reports screenshot IMG_3868.jpeg
A11: 45985 | B11: 5h 43m | C11: 53 | D11: Shower | E11: Snore Reports screenshot IMG_3868.jpeg
A12: 46055 | B12: 7h 8m | C12: 4 | D12: Shower | E12: Snore Reports screenshot IMG_3868.jpeg
A13: 46060 | B13: 6h 52m | C13: 14 | D13: Shower; Worked out | E13: Snore Reports screenshot IMG_3868.jpeg

Sheet DEXA_OCR_Parsed
A1: fat_g | B1: lean_bmc_g | C1: total_g | D1: pct_fat | E1: est_vat_area_cm2 | F1: scan_date | G1: source | H1: bmc_g | I1: lean_g | J1: pct_fat_calc
A2: 26728 | B2: 52175 | C2: 78903 | D2: 33.9 | E2: 155 | F2: 45895 | G2: AGVG_DexaScan Sept 25.pdf (OCR)
A3: 23669 | B3: 51805 | C3: 75474 | D3: 31.4 | F3: 45980 | G3: DEXA 11 25.pdf (OCR)
A4: 21764.1 | B4: 51308.3 | C4: 73072.4 | F4: 46036 | G4: dexas scan 16 01 26.pdf (OCR) | H4: 369.26 | I4: 48939 | J4: 29.784296

Sheet Strength_Test_OCR
A1: date | B1: exercise | C1: reps | D1: load_lb | E1: method | F1: estimated_1rm_lb | G1: source
A2: 46056 | B2: Chest press | C2: 8 | D2: 105 | E2: e1RM (OCR) | F2: 113 | G2: Strength Testing Results.png OCR (partial)
A3: 46056 | B3: Leg press (seated) | C3: 6 | D3: 260 | E3: e1RM (OCR) | F3: 132 | G3: Strength Testing Results.png OCR (partial)

Sheet Program_MonSun_Weekly Overview
A1: Day | B1: Run | C1: Strength Focus | D1: Notes
A2: Monday | B2: Speed intervals, 30 min | C2: Upper Push | D2: Run first, then lift
A3: Tuesday | B3: None | C3: Legs (knee-dominant) | D3: Full 60 min strength
A4: Wednesday | B4: Easy aerobic, 30 min | C4: Upper Pull | D4: Conversational pace
A5: Thursday | B5: None | C5: Legs (hip-dominant) | D5: Full 60 min strength
A6: Friday | B6: Long run, start 30 min then ramp to 45 → 60 | C6: Torso, shoulders, and core | D6: Keep 30 min strength even as the run grows

Sheet Program_MonSun_Strength Program
A1: Day | B1: Block | C1: Exercise | D1: Machine/Primary Option | E1: DB/Alt Option | F1: Sets | G1: Reps Target | H1: Starting Load | I1: Tempo | J1: Rest | K1: Notes
A2: Monday | B2: A | C2: Chest Press | D2: Technogym Chest Press | E2: DB Flat Press | F2: 3 | G2: 8–12 | H2: 120 lb | I2: 2-0-2 | J2: 60–90 s | K2: Add load when 3x12 done clean
A3: Monday | B3: A | C3: Row (balance) | D3: Technogym Seated Row | E3: Chest-supported DB Row | F3: 3 | G3: 8–12 | H3: TBD on first use; pick a weight that allows 8–12 reps with 1–2 reps in reserve on the final set. | I3: 2-1-2 | J3: 60–90 s | K3: Scapula toward back pockets
A4: Monday | B4: B | C4: Incline Press | D4: Incline Press (if available) | E4: DB Incline Press | F4: 3 | G4: 8–12 | H4: TBD on first use; pick a weight that allows 8–12 reps with 1–2 reps in reserve on the final set. | I4: 2-0-2 | J4: 60–90 s | K4: Low incline if shoulder sensitive
A5: Monday | B5: B | C5: Face Pull / ER | D5: Cable Face Pull | E5: Band External Rotation | F5: 3 | G5: 12–15 | H5: TBD on first use; pick a weight that allows 8–12 reps with 1–2 reps in reserve on the final set. | I5: 2-1-2 | J5: 45–60 s | K5: Elbows high, hit rear delts/rotator cuff
A6: Monday | B6: C | C6: Shoulder Press | D6: Technogym Shoulder Press | E6: DB Shoulder Press | F6: 2 | G6: 8–12 | H6: TBD on first use; pick a weight that allows 8–12 reps with 1–2 reps in reserve on the final set. | I6: 2-0-2 | J6: 60 s | K6: Neutral grip if neck or shoulders feel tight
A7: Monday | B7: C | C7: Triceps Overhead | D7: Cable Overhead Extension | E7: DB Overhead Triceps | F7: 2 | G7: 8–12 | H7: 30 lb DB | I7: 2-0-2 | J7: 45–60 s | K7: Smooth lockout
A8: Tuesday | B8: A | C8: Leg Press or Squat | D8: Technogym Leg Press | E8: Goblet Squat | F8: 3 | G8: 8–12 | H8: 25 lb DB for goblet | I8: 2-1-2 | J8: 60–90 s | K8: Heels down, full range
A9: Tuesday | B9: A | C9: Calf Raise (bent-knee) | D9: Seated Calf Raise | E9: DB Seated Calf | F9: 3 | G9: 10–15 | H9: TBD on first use; pick a weight that allows 8–12 reps with 1–2 reps in reserve on the final set. | I9: 2-1-2 | J9: 45–60 s | K9: Targets soleus for running resilience
A10: Tuesday | B10: B | C10: Split Squat / Lunge | D10: Smith Split Squat (optional) | E10: DB Split Squat | F10: 3 | G10: 8–12/leg | H10: TBD on first use; pick a weight that allows 8–12 reps with 1–2 reps in reserve on the final set. | I10: 2-1-2 | J10: 60–90 s | K10: Knee travels over toes comfortably
A11: Tuesday | B11: B | C11: Leg Extension | D11: Technogym Leg Extension | E11: — | F11: 3 | G11: 10–12 | H11: 100 lb | I11: 2-1-2 | J11: 45–60 s | K11: Control the top, do not slam
A12: Tuesday | B12: Finisher | C12: Core + Swings | D12: Leg Raises / Hanging or Bench | E12: KB Swing | F12: 3 + 2 | G12: 3 x 15–20; 10–15 swings | H12: Bodyweight; 15 lb KB | I12: Controlled; explosive hinge | J12: 30–45 s | K12: Match night reps; keep swings crisp
... A24: Friday | B24: B | C24: Core Trio | D24: Russian Twists + Hollow/Dead Bug + Suitcase Carry | E24: — | F24: 3 rounds | G24: 30 s each element | H24: Bodyweight or light DB for twists | I24: Controlled | J24: 30–45 s between elements | K24: Bracing and anti-rotation focus

Sheet Program_MonSun_Runs
A1: Day | B1: Type | C1: Start Duration | D1: Structure | E1: Progression
A2: Monday | B2: Speed intervals | C2: 30 min | D2: 3 min hard / 2 min easy repeats | E2: Add one repeat or slightly increase pace every 1–2 weeks
A3: Wednesday | B3: Easy aerobic | C3: 30 min | D3: Steady conversational pace | E3: Keep easy; do not progress for speed
A4: Friday | B4: Long run | C4: 30 min | D4: Steady | E4: When 30 min feels routine for 2 weeks, go to 45 min; later 60 min; keep 30 min strength after

Sheet Program_MonSun_Long Run Ramp
A1: Week | B1: Friday Long Run
A2: 1 | B2: 30 min
A3: 2 | B3: 30 min
A4: 3 | B4: 35 min
A5: 4 | B5: 40 min
A6: 5 | B6: 45 min
A7: 6 | B7: 35 min (cutback)
A8: 7 | B8: 45 min
A9: 8 | B9: 50 min
A10: 9 | B10: 55 min
A11: 10 | B11: 60 min
A12: 11 | B12: 45 min (cutback)
A13: 12 | B13: 60 min

Sheet Program_MonSun_Cardio Schedule
A1: Day | B1: Discipline | C1: Session | D1: Duration | E1: Intensity | F1: Primary goal | G1: Notes
A2: Monday | B2: Run | C2: Easy run | D2: 30–45 min | E2: Easy (Zone 2) | F2: Aerobic base | G2: Keep easy; pair with Monday strength ok
A3: Tuesday | B3: Bike | C3: Easy spin | D3: 40–60 min | E3: Easy | F3: Aerobic base + recovery | G3: High cadence; avoid knee irritation
A4: Wednesday | B4: Run | C4: Easy (or light strides) | D4: 30–60 min | E4: Mostly easy | F4: Base + economy | G4: If adding strides: 6x20s relaxed
A5: Thursday | B5: Swim | C5: Technique + easy | D5: 30–45 min | E5: Easy | F5: Technique + aerobic | G5: Drills then easy continuous
A6: Friday | B6: Bike | C6: Steady aerobic | D6: 45–75 min | E6: Easy–moderate | F6: Aerobic base | G6: Do not turn into interval day weekly
A7: Saturday | B7: Run | C7: Long easy | D7: 45–90 min | E7: Easy | F7: Aerobic base + durability | G7: Build duration gradually
A8: Sunday | B8: Swim | C8: Easy aerobic | D8: 30–45 min | E8: Easy | F8: Aerobic base | G8: If shoulders cranky, reduce volume, improve form

Sheet Program_5day_Weekly Overview
A1: Day | B1: Run | C1: Strength Focus | D1: Notes
A2: Monday | B2: Speed intervals, 30 min | C2: Upper Push | D2: Run first, then lift
A3: Tuesday | B3: None | C3: Legs (knee-dominant) | D3: Full 60 min strength
A4: Wednesday | B4: Easy aerobic, 30 min | C4: Upper Pull | D4: Conversational pace
A5: Thursday | B5: None | C5: Legs (hip-dominant) | D5: Full 60 min strength
A6: Friday | B6: Long run, start 30 min then ramp to 45 → 60 | C6: Torso, shoulders, and core | D6: Keep 30 min strength even as the run grows

Sheet Program_5day_Strength Program
A1: Day | B1: Block | C1: Exercise | D1: Machine/Primary Option | E1: DB/Alt Option | F1: Sets | G1: Reps Target | H1: Starting Load | I1: Tempo | J1: Rest | K1: Notes
A2: Monday | B2: A | C2: Chest Press | D2: Technogym Chest Press | E2: DB Flat Press | F2: 3 | G2: 8–12 | H2: 120 lb | I2: 2-0-2 | J2: 60–90 s | K2: Add load when 3x12 done clean
A3: Monday | B3: A | C3: Row (balance) | D3: Technogym Seated Row | E3: Chest-supported DB Row | F3: 3 | G3: 8–12 | H3: TBD on first use; pick a weight that allows 8–12 reps with 1–2 reps in reserve on the final set. | I3: 2-1-2 | J3: 60–90 s | K3: Scapula toward back pockets
A4: Monday | B4: B | C4: Incline Press | D4: Incline Press (if available) | E4: DB Incline Press | F4: 3 | G4: 8–12 | H4: TBD on first use; pick a weight that allows 8–12 reps with 1–2 reps in reserve on the final set. | I4: 2-0-2 | J4: 60–90 s | K4: Low incline if shoulder sensitive
A5: Monday | B5: B | C5: Face Pull / ER | D5: Cable Face Pull | E5: Band External Rotation | F5: 3 | G5: 12–15 | H5: TBD on first use; pick a weight that allows 8–12 reps with 1–2 reps in reserve on the final set. | I5: 2-1-2 | J5: 45–60 s | K5: Elbows high, hit rear delts/rotator cuff
A6: Monday | B6: C | C6: Shoulder Press | D6: Technogym Shoulder Press | E6: DB Shoulder Press | F6: 2 | G6: 8–12 | H6: TBD on first use; pick a weight that allows 8–12 reps with 1–2 reps in reserve on the final set. | I6: 2-0-2 | J6: 60 s | K6: Neutral grip if neck or shoulders feel tight
A7: Monday | B7: C | C7: Triceps Overhead | D7: Cable Overhead Extension | E7: DB Overhead Triceps | F7: 2 | G7: 8–12 | H7: 30 lb DB | I7: 2-0-2 | J7: 45–60 s | K7: Smooth lockout
A8: Tuesday | B8: A | C8: Leg Press or Squat | D8: Technogym Leg Press | E8: Goblet Squat | F8: 3 | G8: 8–12 | H8: 25 lb DB for goblet | I8: 2-1-2 | J8: 60–90 s | K8: Heels down, full range
A9: Tuesday | B9: A | C9: Calf Raise (bent-knee) | D9: Seated Calf Raise | E9: DB Seated Calf | F9: 3 | G9: 10–15 | H9: TBD on first use; pick a weight that allows 8–12 reps with 1–2 reps in reserve on the final set. | I9: 2-1-2 | J9: 45–60 s | K9: Targets soleus for running resilience
A10: Tuesday | B10: B | C10: Split Squat / Lunge | D10: Smith Split Squat (optional) | E10: DB Split Squat | F10: 3 | G10: 8–12/leg | H10: TBD on first use; pick a weight that allows 8–12 reps with 1–2 reps in reserve on the final set. | I10: 2-1-2 | J10: 60–90 s | K10: Knee travels over toes comfortably
A11: Tuesday | B11: B | C11: Leg Extension | D11: Technogym Leg Extension | E11: — | F11: 3 | G11: 10–12 | H11: 100 lb | I11: 2-1-2 | J11: 45–60 s | K11: Control the top, do not slam
A12: Tuesday | B12: Finisher | C12: Core + Swings | D12: Leg Raises / Hanging or Bench | E12: KB Swing | F12: 3 + 2 | G12: 3 x 15–20; 10–15 swings | H12: Bodyweight; 15 lb KB | I12: Controlled; explosive hinge | J12: 30–45 s | K12: Match night reps; keep swings crisp
... A24: Friday | B24: B | C24: Core Trio | D24: Russian Twists + Hollow/Dead Bug + Suitcase Carry | E24: — | F24: 3 rounds | G24: 30 s each element | H24: Bodyweight or light DB for twists | I24: Controlled | J24: 30–45 s between elements | K24: Bracing and anti-rotation focus

Sheet Program_5day_Runs
A1: Day | B1: Type | C1: Start Duration | D1: Structure | E1: Progression
A2: Monday | B2: Speed intervals | C2: 30 min | D2: 3 min hard / 2 min easy repeats | E2: Add one repeat or slightly increase pace every 1–2 weeks
A3: Wednesday | B3: Easy aerobic | C3: 30 min | D3: Steady conversational pace | E3: Keep easy; do not progress for speed
A4: Friday | B4: Long run | C4: 30 min | D4: Steady | E4: When 30 min feels routine for 2 weeks, go to 45 min; later 60 min; keep 30 min strength after

Sheet Program_5day_Long Run Ramp
A1: Week | B1: Friday Long Run
A2: 1 | B2: 30 min
A3: 2 | B3: 30 min
A4: 3 | B4: 35 min
A5: 4 | B5: 40 min
A6: 5 | B6: 45 min
A7: 6 | B7: 35 min (cutback)
A8: 7 | B8: 45 min
A9: 8 | B9: 50 min
A10: 9 | B10: 55 min
A11: 10 | B11: 60 min
A12: 11 | B12: 45 min (cutback)
A13: 12 | B13: 60 min

Sheet Data_Dictionary
A1: sheet | B1: source_file | C1: notes
A2: Body_Weight_Log_raw | B2: weight_measurements_extracted.csv | C2: All raw weigh-ins extracted; may include multiple measurements per day.
A3: Body_Weight_Daily | B3: weight_measurements_extracted.csv | C3: Daily mean/min/max + count derived from raw weigh-ins.
A4: DEXA_Summary | B4: Andres_Fitness_Journey_Master.xlsx | C4: Existing structured summary (already curated).
A5: DEXA_OCR_Parsed | B5: AGVG_DexaScan Sept 25.pdf; DEXA 11 25.pdf; dexas scan 16 01 26.pdf | C5: OCR-derived; some fields inferred or corrected (e.g., Aug 2025 total mass OCR drop).
A6: SnoreLab_By_Remedy/Factor/Combined | B6: SnoreLab Remedies and Factors 08-Feb-2026.csv | C6: Exact app export; grouped averages only (no per-night dates).
A7: SnoreLab_Reports_Manual | B7: IMG_3868.jpeg; IMG_3870.jpeg | C7: Manual transcription of visible entries in screenshots only (not complete history).
A8: Strength_Tests | B8: Andres_Fitness_Journey_Master.xlsx | C8: From chat-stated strength test numbers (single-set performance).
A9: Strength_Test_OCR | B9: Strength Testing Results.png | C9: OCR captured only chest press and leg press values; table in image appears cropped.
A10: Program_* | B10: Andres_YMCA_Mon-Sun_Updated.xlsx; Andres_YMCA_5day_program_UPDATED_2025-11-05_corefixed_TU_legraises.xlsx | C10: Program tables imported as flat tables; formatting simplified.
A11: DEXA_DerivedMetrics | B11: Derived DEXA metrics per scan date (appendicular lean, limb/trunk fat ratios, lean:fat, VAT, deltas vs prior scan). Source: DEXA_Regions + DEXA_Indices + Android/Gynoid from comparison workbook.
A12: SnoreLab_Nightly | B12: Nightly SnoreLab exports (date, snore score, snoring time, breathflow) from snore tracking data.xlsx. Includes optional same-day weight match from weight_measurements_extracted.csv when available.
A14: Nutrition_Log | B14: Manual nutrition entries. Enter one row per meal/snack. Date should match your local date.
A15: Nutrition_Daily | B15: Auto-aggregated per-day totals from Nutrition_Log. Used by Dashboard.
A16: Injury_Log | B16: Manual injury entries. One row per injury episode. Use end_date when resolved.
A17: Injury_Daily | B17: Auto-derived daily injury status from Injury_Log. Used by Dashboard.

Sheet DEXA_DerivedMetrics
A1: Scan date | B1: Total mass (kg) | C1: Total fat (kg) | D1: Total lean (kg) | E1: Lean+BMC (kg) | F1: BMC (kg) | G1: Total %fat | H1: Arm lean (kg) | I1: Leg lean (kg) | J1: Appendicular lean (kg) | K1: Trunk lean (kg) | L1: Arm fat (kg) | M1: Leg fat (kg) | N1: Trunk fat (kg) | O1: Android fat (kg) | P1: Gynoid fat (kg) | Q1: Trunk/Leg fat (ratio) | R1: Trunk/(Arm+Leg) fat (ratio) | S1: Android/Gynoid fat (ratio)_x | T1: Lean/Fat (ratio) | U1: Appendicular/Total lean (ratio) | V1: FMI (kg/m^2) | W1: Lean/ht^2 (kg/m^2) | X1: ALM/ht^2 (kg/m^2) | Y1: A/G ratio (index) | Z1: VAT mass (g) | AA1: VAT volume (cm^3) | AB1: VAT area (cm^2) | AC1: Android (A) | AD1: Gynoid (G) | AE1: Android/Gynoid fat (ratio) | AF1: ΔTotal mass (kg) (vs prev) | AG1: ΔTotal fat (kg) (vs prev) | AH1: ΔTotal lean (kg) (vs prev) | AI1: ΔAppendicular lean (kg) (vs prev) | AJ1: ΔLeg lean (kg) (vs prev) | AK1: ΔArm lean (kg) (vs prev) | AL1: ΔTrunk fat (kg) (vs prev) | AM1: ΔVAT mass (g) (vs prev) | AN1: ΔFMI (kg/m^2) (vs prev) | AO1: ΔALM/ht^2 (kg/m^2) (vs prev)
A2: 45895 | B2: 78.9034 | C2: 26.7279 | D2: 49.7845 | E2: 52.1755 | F2: 2.39097 | G2: 33.9 | H2: 5.8384 | I2: 15.7203 | J2: 21.5587 | K2: 24.8582 | L2: 3.3317 | M2: 7.9785 | N2: 14.0422 | Q2: 1.760005 | R2: 1.2415519 | T2: 1.8626417 | U2: 0.4330404 | V2: 9.23 | W2: 17.2 | X2: 7.44 | Y2: 1.21 | Z2: 745 | AA2: 806 | AB2: 135 | AC2: 2.438 | AD2: 4.128 | AE2: 0.59060078
A3: 45980 | B3: 75.4739 | C3: 23.6693 | D3: 49.4696 | E3: 51.8046 | F3: 2.33497 | G3: 31.4 | H3: 5.9996 | I3: 15.6036 | J3: 21.6032 | K3: 24.5371 | L3: 2.9205 | M3: 7.2007 | N3: 12.1993 | Q3: 1.6941825 | R3: 1.2053215 | T3: 2.0900322 | U3: 0.43669648 | V3: 8.17 | W3: 17.1 | X3: 7.46 | Y3: 1.09 | Z3: 580 | AA3: 627 | AB3: 120 | AC3: 1.757 | AD3: 3.453 | AE3: 0.5088329 | AF3: -3.4295 | AG3: -3.0586 | AH3: -0.3149 | AI3: 0.0445 | AJ3: -0.1167 | AK3: 0.1612 | AL3: -1.8429 | AM3: -165 | AN3: -1.06 | AO3: 0.02
A4: 46036 | B4: 73.0724 | C4: 21.7641 | D4: 48.939 | E4: 51.3083 | F4: 2.36926 | G4: 29.8 | H4: 5.9423 | I4: 15.4028 | J4: 21.3451 | K4: 24.2963 | L4: 2.6673 | M4: 6.755 | N4: 11.0041 | Q4: 1.6290303 | R4: 1.1678783 | T4: 2.2486112 | U4: 0.43615726 | V4: 7.51 | W4: 16.9 | X4: 7.37 | Y4: 1.15 | Z4: 652 | AA4: 705 | AB4: 135 | AC4: 1.604 | AD4: 2.828 | AE4: 0.56718529 | AF4: -2.4015 | AG4: -1.9052 | AH4: -0.5306 | AI4: -0.2581 | AJ4: -0.2008 | AK4: -0.0573 | AL4: -1.1952 | AM4: 72 | AN4: -0.66 | AO4: -0.09

Sheet SnoreLab_Nightly
A1: Date | B1: Day of Week | C1: Bedtime | D1: Wake Time | E1: Time in Bed (Hours) | F1: Time in Bed (Minutes) | G1: Total Time in Bed (Decimal Hours) | H1: Time Snoring (Hours) | I1: Time Snoring (Minutes) | J1: Total Time Snoring (Decimal Hours) | K1: Snoring Percentage | L1: Snore Score | M1: BreathFlow % | N1: BreathFlow Stability | O1: Weight (lb, same-day if available) | P1: Data source file
A2: 44101 | B2: Sunday | C2: 00:13 | D2: 07:33 | E2: 7 | F2: 19 | G2: 7.3166667 | H2: 5 | I2: 6 | J2: 5.1 | K2: 72 | L2: 75 | P2: snore tracking data.xlsx
A3: 44102 | B3: Monday | C3: 01:38 | D3: 07:06 | E3: 5 | F3: 28 | G3: 5.4666667 | H3: 3 | I3: 42 | J3: 3.7 | K3: 71 | L3: 78 | P3: snore tracking data.xlsx
A4: 44103 | B4: Tuesday | C4: 00:49 | D4: 06:17 | E4: 5 | F4: 28 | G4: 5.4666667 | H4: 4 | I4: 4 | J4: 4.0666667 | K4: 78 | L4: 116 | P4: snore tracking data.xlsx
A5: 44104 | B5: Wednesday | C5: 01:28 | D5: 07:23 | E5: 5 | F5: 54 | G5: 5.9 | H5: 3 | I5: 45 | J5: 3.75 | K5: 67 | L5: 86 | P5: snore tracking data.xlsx
A6: 44105 | B6: Thursday | C6: 00:51 | D6: 07:36 | E6: 6 | F6: 44 | G6: 6.7333333 | H6: 4 | I6: 12 | J6: 4.2 | K6: 65 | L6: 81 | P6: snore tracking data.xlsx
A7: 44106 | B7: Friday | C7: 01:08 | D7: 07:08 | E7: 5 | F7: 59 | G7: 5.9833333 | H7: 2 | I7: 40 | J7: 2.6666667 | K7: 47 | L7: 46 | P7: snore tracking data.xlsx
A8: 44107 | B8: Saturday | C8: 01:57 | D8: 07:49 | E8: 5 | F8: 52 | G8: 5.8666667 | H8: 4 | I8: 6 | J8: 4.1 | K8: 74 | L8: 100 | P8: snore tracking data.xlsx
A9: 44109 | B9: Monday | C9: 00:41 | D9: 07:38 | E9: 6 | F9: 56 | G9: 6.9333333 | H9: 3 | I9: 46 | J9: 3.7666667 | K9: 57 | L9: 58 | P9: snore tracking data.xlsx
A10: 44111 | B10: Wednesday | C10: 00:51 | D10: 07:50 | E10: 6 | F10: 59 | G10: 6.9833333 | H10: 4 | I10: 22 | J10: 4.3666667 | K10: 65 | L10: 76 | P10: snore tracking data.xlsx
A11: 45978 | B11: Monday | C11: 01:53 | D11: 04:19 | E11: 2 | F11: 25 | G11: 2.4166667 | H11: 1 | I11: 7 | J11: 1.1166667 | K11: 52 | L11: 27 | M11: 92 | N11: Stable | O11: 169.9 | P11: snore tracking data.xlsx
A12: 45985 | B12: Monday | C12: 22:41 | D12: 04:40 | E12: 5 | F12: 59 | G12: 5.9833333 | H12: 2 | I12: 11 | J12: 2.1833333 | K12: 38 | L12: 53 | M12: 100 | N12: Stable | P12: snore tracking data.xlsx
A13: 46055 | B13: Monday | C13: 21:32 | D13: 04:56 | E13: 7 | F13: 23 | G13: 7.3833333 | H13: 0 | I13: 11 | J13: 0.18333333 | K13: 3 | L13: 4 | M13: 98 | N13: Stable | P13: snore tracking data.xlsx
A14: 46060 | B14: Saturday | C14: 22:07 | D14: 05:15 | E14: 7 | F14: 8 | G14: 7.1333333 | H14: 0 | I14: 35 | J14: 0.58333333 | K14: 9 | L14: 14 | M14: 100 | N14: Stable | P14: snore tracking data.xlsx

Sheet Nutrition_Log
A1: date | B1: meal | C1: item | D1: calories | E1: protein_g | F1: notes | G1: source

Sheet Injury_Log
A1: start_date | B1: end_date | C1: body_part | D1: side | E1: injury | F1: severity_0_10 | G1: pain_0_10 | H1: function_limit_0_10 | I1: status | J1: rehab_action | K1: notes | L1: source

Sheet Nutrition_Daily
A1: date | B1: total_calories | C1: total_protein_g
A2: 45627 | B2: =IF(A2="","",SUMIFS(tblNutrition[calories],tblNutrition[date],A2)) | C2: =IF(A2="","",SUMIFS(tblNutrition[protein_g],tblNutrition[date],A2))
A3: 46054 | B3: =IF(A3="","",SUMIFS(tblNutrition[calories],tblNutrition[date],A3)) | C3: =IF(A3="","",SUMIFS(tblNutrition[protein_g],tblNutrition[date],A3))
A4: 46056 | B4: =IF(A4="","",SUMIFS(tblNutrition[calories],tblNutrition[date],A4)) | C4: =IF(A4="","",SUMIFS(tblNutrition[protein_g],tblNutrition[date],A4))

Sheet Injury_Daily
A1: date | B1: active_injury_count | C1: max_pain | D1: max_severity | E1: max_function_limit
A2: 45627 | B2: =IF(A2="","",COUNTIFS(tblInjuries[status],"Active",tblInjuries[start_date],"<="&A2,tblInjuries[end_date],">="&A2)) | C2: =IF(A2="","",MAXIFS(tblInjuries[pain_0_10],tblInjuries[status],"Active",tblInjuries[start_date],"<="&A2,tblInjuries[end_date],">="&A2)) | D2: =IF(A2="","",MAXIFS(tblInjuries[severity_0_10],tblInjuries[status],"Active",tblInjuries[start_date],"<="&A2,tblInjuries[end_date],">="&A2)) | E2: =IF(A2="","",MAXIFS(tblInjuries[function_limit_0_10],tblInjuries[status],"Active",tblInjuries[start_date],"<="&A2,tblInjuries[end_date],">="&A2))
A3: 46054 | B3: =IF(A3="","",COUNTIFS(tblInjuries[status],"Active",tblInjuries[start_date],"<="&A3,tblInjuries[end_date],">="&A3)) | C3: =IF(A3="","",MAXIFS(tblInjuries[pain_0_10],tblInjuries[status],"Active",tblInjuries[start_date],"<="&A3,tblInjuries[end_date],">="&A3)) | D3: =IF(A3="","",MAXIFS(tblInjuries[severity_0_10],tblInjuries[status],"Active",tblInjuries[start_date],"<="&A3,tblInjuries[end_date],">="&A3)) | E3: =IF(A3="","",MAXIFS(tblInjuries[function_limit_0_10],tblInjuries[status],"Active",tblInjuries[start_date],"<="&A3,tblInjuries[end_date],">="&A3))
A4: 46056 | B4: =IF(A4="","",COUNTIFS(tblInjuries[status],"Active",tblInjuries[start_date],"<="&A4,tblInjuries[end_date],">="&A4)) | C4: =IF(A4="","",MAXIFS(tblInjuries[pain_0_10],tblInjuries[status],"Active",tblInjuries[start_date],"<="&A4,tblInjuries[end_date],">="&A4)) | D4: =IF(A4="","",MAXIFS(tblInjuries[severity_0_10],tblInjuries[status],"Active",tblInjuries[start_date],"<="&A4,tblInjuries[end_date],">="&A4)) | E4: =IF(A4="","",MAXIFS(tblInjuries[function_limit_0_10],tblInjuries[status],"Active",tblInjuries[start_date],"<="&A4,tblInjuries[end_date],">="&A4))
